Class,Precision,Recall,F1,Support
World,0.9373287671232877,0.9123333333333333,0.9246621621621621,3000
Sports,0.9621038876184254,0.9816666666666667,0.9717868338557993,3000
Business,0.9021813224267212,0.8823333333333333,0.8921469497809235,3000
Sci/Tech,0.8871961102106969,0.9123333333333333,0.8995891536565325,3000
