typo_rate,macro_f1
0.0,0.9220462748638544
0.025,0.9178907133093939
0.05,0.9115797994227356
0.075,0.9000601669588011
0.1,0.8882763664510442
